{
  "claude": {
    "pearson_r": -0.0996587062026431,
    "pearson_p": 0.7841488870917245,
    "spearman_rho": -0.019668431441216497,
    "spearman_p": 0.956991946341607
  },
  "llama": {
    "pearson_r": 0.3005077747284285,
    "pearson_p": 0.3988548548196985,
    "spearman_rho": 0.31139957766460924,
    "spearman_p": 0.3811134425448903
  },
  "cross_model": {
    "lower_cv_wins": 7,
    "total": 8,
    "rate": 0.875
  }
}