{
  "model": "openai-gpt-5",
  "provider": "snowflake",
  "basic_metrics": {
    "total_runs": 50,
    "accuracy": 16,
    "accuracy_pct": 32.0,
    "mean_steps": 9.92,
    "std_steps": 5.306291991011949,
    "mean_cv": 32.19122160292608,
    "median_cv": 32.91074163087883,
    "valid_patches": 48
  },
  "per_task": {
    "astropy-12907": {
      "steps_mean": 11.0,
      "steps_std": 3.391164991562634,
      "cv": 30.8287726505694,
      "accuracy": 2,
      "unique_seqs": 5
    },
    "astropy-13033": {
      "steps_mean": 9.2,
      "steps_std": 6.1400325732035,
      "cv": 66.73948449134241,
      "accuracy": 0,
      "unique_seqs": 5
    },
    "astropy-13236": {
      "steps_mean": 7.0,
      "steps_std": 2.449489742783178,
      "cv": 34.99271061118826,
      "accuracy": 0,
      "unique_seqs": 5
    },
    "astropy-13398": {
      "steps_mean": 9.4,
      "steps_std": 1.9493588689617927,
      "cv": 20.737860308104178,
      "accuracy": 0,
      "unique_seqs": 5
    },
    "astropy-13453": {
      "steps_mean": 16.6,
      "steps_std": 6.5038450166036395,
      "cv": 39.17978925664843,
      "accuracy": 3,
      "unique_seqs": 5
    },
    "astropy-13579": {
      "steps_mean": 8.4,
      "steps_std": 1.1401754250991378,
      "cv": 13.573516965465926,
      "accuracy": 3,
      "unique_seqs": 5
    },
    "astropy-13977": {
      "steps_mean": 7.0,
      "steps_std": 0.0,
      "cv": 0.0,
      "accuracy": 0,
      "unique_seqs": 5
    },
    "astropy-14096": {
      "steps_mean": 16.2,
      "steps_std": 9.011104260855047,
      "cv": 55.624100375648446,
      "accuracy": 3,
      "unique_seqs": 5
    },
    "astropy-14182": {
      "steps_mean": 7.2,
      "steps_std": 1.3038404810405297,
      "cv": 18.10889557000736,
      "accuracy": 0,
      "unique_seqs": 5
    },
    "astropy-14309": {
      "steps_mean": 7.2,
      "steps_std": 3.03315017762062,
      "cv": 42.12708580028639,
      "accuracy": 5,
      "unique_seqs": 5
    }
  },
  "phase_decomposition": {
    "EXPLORE": 61,
    "UNDERSTAND": 147,
    "OTHER": 53,
    "EDIT": 56,
    "VERIFY": 151
  },
  "total_actions": 468,
  "failure_modes": {
    "WRONG_FIX": 32,
    "EMPTY_PATCH": 2,
    "LOOP_DEATH": 0
  },
  "divergence": {
    "mean": 3.4,
    "median": 3.5,
    "pct_step1": 0.0,
    "pct_by_step5": 100.0,
    "per_task": {
      "astropy-12907": 5,
      "astropy-13033": 3,
      "astropy-13236": 4,
      "astropy-13398": 2,
      "astropy-13453": 3,
      "astropy-13579": 4,
      "astropy-13977": 4,
      "astropy-14096": 4,
      "astropy-14182": 3,
      "astropy-14309": 2
    }
  },
  "first_action": {
    "ls": 50
  },
  "comparison": {
    "claude": {
      "accuracy": 29,
      "mean_cv": 15.19456916343015,
      "mean_steps": 46.08
    },
    "gpt5": {
      "accuracy": 16,
      "mean_cv": 32.19122160292608,
      "mean_steps": 9.92
    },
    "llama": {
      "accuracy": 2,
      "mean_cv": 47.00128837780568,
      "mean_steps": 16.98
    }
  }
}