{
  "claude_means": {
    "EXPLORE": 15.46,
    "LOCATE": 7.08,
    "UNDERSTAND": 13.96,
    "EDIT": 5.82,
    "VERIFY": 1.24,
    "OTHER": 2.44
  },
  "llama_means": {
    "EXPLORE": 1.54,
    "LOCATE": 2.76,
    "UNDERSTAND": 2.96,
    "EDIT": 5.54,
    "VERIFY": 3.36,
    "OTHER": 0.66
  },
  "claude_task_phases": {
    "astropy-12907": {
      "EXPLORE": {
        "mean": 13.0,
        "std": 6.442049363362563,
        "cv": 49.554225872019714
      },
      "LOCATE": {
        "mean": 2.6,
        "std": 1.3416407864998738,
        "cv": 51.60156871153361
      },
      "UNDERSTAND": {
        "mean": 11.8,
        "std": 2.588435821108957,
        "cv": 21.935896789058955
      },
      "EDIT": {
        "mean": 6.2,
        "std": 5.540758070878027,
        "cv": 89.36706565932302
      },
      "VERIFY": {
        "mean": 0.4,
        "std": 0.8944271909999161,
        "cv": 223.60679774997902
      },
      "OTHER": {
        "mean": 4.0,
        "std": 4.301162633521313,
        "cv": 107.52906583803284
      }
    },
    "astropy-13033": {
      "EXPLORE": {
        "mean": 15.4,
        "std": 5.941380311005179,
        "cv": 38.58039162990375
      },
      "LOCATE": {
        "mean": 4.8,
        "std": 1.9235384061671346,
        "cv": 40.07371679514864
      },
      "UNDERSTAND": {
        "mean": 18.2,
        "std": 5.540758070878027,
        "cv": 30.44372566416499
      },
      "EDIT": {
        "mean": 1.2,
        "std": 1.6431676725154982,
        "cv": 136.93063937629154
      },
      "VERIFY": {
        "mean": 1.2,
        "std": 1.6431676725154982,
        "cv": 136.93063937629154
      },
      "OTHER": {
        "mean": 1.8,
        "std": 2.6832815729997477,
        "cv": 149.07119849998597
      }
    },
    "astropy-13236": {
      "EXPLORE": {
        "mean": 10.2,
        "std": 3.271085446759225,
        "cv": 32.06946516430612
      },
      "LOCATE": {
        "mean": 11.0,
        "std": 4.743416490252569,
        "cv": 43.12196809320517
      },
      "UNDERSTAND": {
        "mean": 9.8,
        "std": 3.8340579025361627,
        "cv": 39.123039821797576
      },
      "EDIT": {
        "mean": 7.6,
        "std": 2.073644135332772,
        "cv": 27.284791254378575
      },
      "VERIFY": {
        "mean": 0.6,
        "std": 1.3416407864998738,
        "cv": 223.60679774997897
      },
      "OTHER": {
        "mean": 1.0,
        "std": 1.224744871391589,
        "cv": 122.4744871391589
      }
    },
    "astropy-13398": {
      "EXPLORE": {
        "mean": 9.4,
        "std": 6.348228099241551,
        "cv": 67.5343414812931
      },
      "LOCATE": {
        "mean": 8.2,
        "std": 2.280350850198276,
        "cv": 27.809156709735078
      },
      "UNDERSTAND": {
        "mean": 21.2,
        "std": 4.08656334834051,
        "cv": 19.27624220915335
      },
      "EDIT": {
        "mean": 2.8,
        "std": 1.6431676725154984,
        "cv": 58.68455973269637
      },
      "VERIFY": {
        "mean": 6.2,
        "std": 5.310367218940702,
        "cv": 85.65108417646293
      },
      "OTHER": {
        "mean": 0.0,
        "std": 0.0,
        "cv": 0
      }
    },
    "astropy-13453": {
      "EXPLORE": {
        "mean": 8.2,
        "std": 7.661592523751182,
        "cv": 93.43405516769735
      },
      "LOCATE": {
        "mean": 7.0,
        "std": 5.196152422706632,
        "cv": 74.23074889580903
      },
      "UNDERSTAND": {
        "mean": 8.2,
        "std": 1.3038404810405297,
        "cv": 15.900493671225973
      },
      "EDIT": {
        "mean": 14.2,
        "std": 1.7888543819998317,
        "cv": 12.597566070421351
      },
      "VERIFY": {
        "mean": 2.8,
        "std": 3.03315017762062,
        "cv": 108.32679205787929
      },
      "OTHER": {
        "mean": 0.8,
        "std": 0.44721359549995804,
        "cv": 55.901699437494756
      }
    },
    "astropy-13579": {
      "EXPLORE": {
        "mean": 19.4,
        "std": 8.734987120768983,
        "cv": 45.02570680808754
      },
      "LOCATE": {
        "mean": 3.6,
        "std": 1.8165902124584952,
        "cv": 50.4608392349582
      },
      "UNDERSTAND": {
        "mean": 22.0,
        "std": 5.196152422706632,
        "cv": 23.61887464866651
      },
      "EDIT": {
        "mean": 6.8,
        "std": 2.588435821108957,
        "cv": 38.06523266336701
      },
      "VERIFY": {
        "mean": 1.0,
        "std": 1.7320508075688772,
        "cv": 173.20508075688772
      },
      "OTHER": {
        "mean": 0.0,
        "std": 0.0,
        "cv": 0
      }
    },
    "astropy-13977": {
      "EXPLORE": {
        "mean": 14.4,
        "std": 4.827007354458868,
        "cv": 33.52088440596436
      },
      "LOCATE": {
        "mean": 8.4,
        "std": 1.51657508881031,
        "cv": 18.05446534297988
      },
      "UNDERSTAND": {
        "mean": 11.0,
        "std": 2.0,
        "cv": 18.181818181818183
      },
      "EDIT": {
        "mean": 5.8,
        "std": 7.52994023880668,
        "cv": 129.8265558414945
      },
      "VERIFY": {
        "mean": 0.2,
        "std": 0.447213595499958,
        "cv": 223.60679774997897
      },
      "OTHER": {
        "mean": 9.0,
        "std": 8.48528137423857,
        "cv": 94.28090415820633
      }
    },
    "astropy-14096": {
      "EXPLORE": {
        "mean": 23.2,
        "std": 4.54972526643093,
        "cv": 19.61088476909884
      },
      "LOCATE": {
        "mean": 4.6,
        "std": 1.3416407864998738,
        "cv": 29.166104054345087
      },
      "UNDERSTAND": {
        "mean": 12.6,
        "std": 3.0495901363953815,
        "cv": 24.203096320598267
      },
      "EDIT": {
        "mean": 1.4,
        "std": 3.1304951684997055,
        "cv": 223.60679774997897
      },
      "VERIFY": {
        "mean": 0.0,
        "std": 0.0,
        "cv": 0
      },
      "OTHER": {
        "mean": 5.2,
        "std": 2.7748873851023217,
        "cv": 53.36321894427542
      }
    },
    "astropy-14182": {
      "EXPLORE": {
        "mean": 22.2,
        "std": 3.271085446759225,
        "cv": 14.73461912954606
      },
      "LOCATE": {
        "mean": 11.2,
        "std": 3.271085446759225,
        "cv": 29.206120060350226
      },
      "UNDERSTAND": {
        "mean": 17.0,
        "std": 2.5495097567963922,
        "cv": 14.997116216449365
      },
      "EDIT": {
        "mean": 2.4,
        "std": 1.949358868961793,
        "cv": 81.22328620674138
      },
      "VERIFY": {
        "mean": 0.0,
        "std": 0.0,
        "cv": 0
      },
      "OTHER": {
        "mean": 0.4,
        "std": 0.5477225575051662,
        "cv": 136.93063937629154
      }
    },
    "astropy-14309": {
      "EXPLORE": {
        "mean": 19.2,
        "std": 4.024922359499621,
        "cv": 20.96313728906053
      },
      "LOCATE": {
        "mean": 9.4,
        "std": 6.580273550544841,
        "cv": 70.00291011217915
      },
      "UNDERSTAND": {
        "mean": 7.8,
        "std": 1.6431676725154984,
        "cv": 21.06625221173716
      },
      "EDIT": {
        "mean": 9.8,
        "std": 4.147288270665544,
        "cv": 42.31926806801575
      },
      "VERIFY": {
        "mean": 0.0,
        "std": 0.0,
        "cv": 0
      },
      "OTHER": {
        "mean": 2.2,
        "std": 2.16794833886788,
        "cv": 98.54310631217635
      }
    }
  },
  "llama_task_phases": {
    "astropy-12907": {
      "EXPLORE": {
        "mean": 1.4,
        "std": 2.073644135332772,
        "cv": 148.11743823805514
      },
      "LOCATE": {
        "mean": 1.8,
        "std": 1.3038404810405297,
        "cv": 72.43558228002944
      },
      "UNDERSTAND": {
        "mean": 2.8,
        "std": 1.0954451150103321,
        "cv": 39.123039821797576
      },
      "EDIT": {
        "mean": 5.8,
        "std": 5.540758070878027,
        "cv": 95.53031156686255
      },
      "VERIFY": {
        "mean": 4.8,
        "std": 5.357238094391549,
        "cv": 111.6091269664906
      },