{
  "claude": {
    "mean": 3.1,
    "median": 3.0,
    "std": 2.024845673131659,
    "pct_step1": 20.0,
    "pct_by_step5": 90.0,
    "values": [
      1,
      4,
      1,
      8,
      2,
      3,
      3,
      3,
      4,
      2
    ]
  },
  "llama": {
    "mean": 1.4,
    "median": 1.0,
    "std": 0.5163977794943223,
    "pct_step1": 60.0,
    "pct_by_step5": 100.0,
    "values": [
      1,
      2,
      1,
      2,
      1,
      1,
      2,
      1,
      1,
      2
    ]
  }
}