{
  "t_test": {
    "t": 2.5726096887571233,
    "p": 0.019170564225668794
  },
  "mann_whitney": {
    "U": 82.0,
    "p": 0.006199209722297445
  },
  "cohens_d": 1.1505060287271007
}