{
  "n": 180,
  "n_boot": 5000,
  "paths": {
    "a": {
      "estimate": 0.015990681780709143,
      "ci": [
        0.011979537205251125,
        0.020135655059324062
      ],
      "desc": "IV \u2192 Mediator"
    },
    "b": {
      "estimate": -3.862699602235839,
      "ci": [
        -6.132104306727427,
        -2.4139358607458066
      ],
      "desc": "Mediator \u2192 DV (controlling IV)"
    },
    "c": {
      "estimate": -0.040512505075156566,
      "desc": "Total effect (IV \u2192 DV)"
    },
    "c_prime": {
      "estimate": 0.021254695078674064,
      "ci": [
        -0.018805939275522786,
        0.06458453984537812
      ],
      "desc": "Direct effect (IV \u2192 DV, controlling M)"
    },
    "indirect": {
      "estimate": -0.061767200153825086,
      "ci": [
        -0.09379961951057905,
        -0.037881110533963834
      ],
      "p_value": 0.0,
      "desc": "Indirect effect (a * b)"
    }
  },
  "proportion_mediated": 1.5246452925889915,
  "sobel": {
    "a": 0.015990681780709143,
    "se_a": 0.0020890184765012744,
    "b": -3.862699602235839,
    "se_b": 0.6795931697739,
    "indirect": -0.061767200153825086,
    "z": -4.563370979701061,
    "p": 5.0338749773004565e-06
  }
}