{
  "task1": {
    "n_hard": 49,
    "1a_variance": {
      "32": {
        "r": -0.2185,
        "p": 0.154264,
        "n": 44
      },
      "40": {
        "r": -0.2103,
        "p": 0.170633,
        "n": 44
      },
      "48": {
        "r": -0.2223,
        "p": 0.146968,
        "n": 44
      },
      "56": {
        "r": -0.2028,
        "p": 0.186715,
        "n": 44
      },
      "64": {
        "r": -0.2026,
        "p": 0.187209,
        "n": 44
      },
      "72": {
        "r": -0.192,
        "p": 0.211831,
        "n": 44
      },
      "80": {
        "r": -0.1681,
        "p": 0.27535,
        "n": 44
      }
    },
    "1a_best": {
      "r": -0.222298,
      "p": 0.146968,
      "layer": 48,
      "n": 44
    },
    "1b_prototype": {
      "32": {
        "r": 0.4309,
        "p": 0.003502,
        "n": 44
      },
      "40": {
        "r": 0.3969,
        "p": 0.007647,
        "n": 44
      },
      "48": {
        "r": 0.3896,
        "p": 0.008955,
        "n": 44
      },
      "56": {
        "r": 0.3943,
        "p": 0.008093,
        "n": 44
      },
      "64": {
        "r": 0.3903,
        "p": 0.008804,
        "n": 44
      },
      "72": {
        "r": 0.3802,
        "p": 0.010897,
        "n": 44
      },
      "80": {
        "r": 0.2662,
        "p": 0.080758,
        "n": 44
      }
    },
    "1b_best": {
      "r": 0.430882,
      "p": 0.003502,
      "layer": 32,
      "n": 44
    },
    "1c_trajectory": {
      "slope": {
        "r": -0.0014,
        "p": 0.992581
      },
      "curvature": {
        "r": -0.16,
        "p": 0.299536
      },
      "n": 44
    },
    "1d_temporal": {
      "32": {
        "r": 0.2789,
        "p": 0.066769,
        "n": 44
      },
      "40": {
        "r": 0.2769,
        "p": 0.068822,
        "n": 44
      },
      "48": {
        "r": 0.2815,
        "p": 0.064184,
        "n": 44
      },
      "56": {
        "r": 0.2666,
        "p": 0.080213,
        "n": 44
      },
      "64": {
        "r": 0.2615,
        "p": 0.086415,
        "n": 44
      },
      "72": {
        "r": 0.2452,
        "p": 0.108676,
        "n": 44
      },
      "80": {
        "r": 0.2225,
        "p": 0.146631,
        "n": 44
      }
    },
    "1d_best": {
      "r": 0.281465,
      "p": 0.064184,
      "layer": 48,
      "n": 44
    },
    "1a_variance_permutation": {
      "r": -0.2223,
      "param_p": 0.146968,
      "perm_p": 0.138786,
      "ci": [
        -0.466,
        0.0
      ],
      "cohens_d": -0.377,
      "layer": 48,
      "n": 44
    },
    "1b_prototype_permutation": {
      "r": 0.4309,
      "param_p": 0.003502,
      "perm_p": 0.0043,
      "ci": [
        0.239,
        0.627
      ],
      "cohens_d": 0.643,
      "layer": 32,
      "n": 44
    },
    "1d_temporal_permutation": {
      "r": 0.2815,
      "param_p": 0.064184,
      "perm_p": 0.062894,
      "ci": [
        0.047,
        0.543
      ],
      "cohens_d": 0.458,
      "layer": 48,
      "n": 44
    },
    "significant_signals": [
      {
        "metric": "1b_prototype",
        "r": 0.4308822440463633,
        "perm_p": 0.004299570042995701,
        "layer": 32,
        "cohens_d": 0.6425487733968751
      }
    ],
    "any_significant": true,
    "1b_figure_data": {
      "proto_sims": [
        0.901268,
        0.771947,
        0.93578,
        0.905076,
        0.790692,
        0.869326,
        0.915624,
        0.774887,
        0.899721,
        0.811736,
        0.911955,
        0.906899,
        0.714397,
        0.911381,
        0.903854,
        0.861646,
        0.885682,
        0.841279,
        0.887008,
        0.90676,
        0.879995,
        0.904365,
        0.757884,
        0.877366,
        0.746173,
        0.905119,
        0.906536,
        0.909086,
        0.905582,
        0.911874,
        0.910396,
        0.815281,
        0.908047,
        0.878976,
        0.801705,
        0.857002,
        0.905759,
        0.876457,
        0.909203,
        0.906873,
        0.919004,
        0.899609,
        0.830217,
        0.888072
      ],
      "cvs": [
        0.0,
        0.073171,
        0.138866,
        0.0,
        0.095238,
        0.101015,
        0.0,
        0.095238,
        0.0,
        0.061224,
        0.0,
        0.0,
        0.0,
        0.0,
        0.0,
        0.061224,
        0.616037,
        0.0,
        0.0,
        0.0,
        0.0,
        0.0,
        0.073171,
        0.0,
        0.0,
        0.0,
        0.0,
        0.25123,
        0.0,
        0.101015,
        0.0,
        0.095238,
        0.0,
        0.11134,
        0.0,
        0.16765,
        0.0,
        0.103448,
        0.13925,
        0.0,
        0.16765,
        0.083333,
        0.0,
        0.248727
      ],
      "qids": [
        "5a7166395542994082a3e814",
        "5a734e6d5542994cef4bc528",
        "5a7369da55429901807db037",
        "5a75e05c55429976ec32bc5f",
        "5a76b56d554299373536017b",
        "5a774a9855429972597f14ea",
        "5a7bbb64554299042af8f7cc",
        "5a7ec6f355429934daa2fc61",
        "5a8133725542995ce29dcbdb",
        "5a83b4d35542996488c2e495",
        "5a85b2d95542997b5ce40028",
        "5a85ea095542994775f606a8",
        "5a874f20554299211dda2bd6",
        "5a877e5d5542993e715abf7d",
        "5a87ab905542996e4f3088c1",
        "5a87ee7b55429938390d3eb6",
        "5a895f6155429946c8d6e914",
        "5a8ac38855429970aeb70300",
        "5a8b57f25542995d1e6f1371",
        "5a8c7595554299585d9e36b6",
        "5a8db19d5542994ba4e3dd00",
        "5a8e3ea95542995a26add48d",
        "5a8edb7f55429917b4a5bdeb",
        "5ab29c24554299449642c932",
        "5ab2c418554299545a2cfa67",
        "5ab3b0bf5542992ade7c6e39",
        "5ab3e45655429976abd1bcd4",
        "5ab56b9b5542997d4ad1f113",
        "5ab56e32554299637185c594",
        "5ab5a3fb5542997d4ad1f19b",
        "5ab6d09255429954757d337d",
        "5ab91b6c55429934fafe6e5f",
        "5abd94525542992ac4f382d2",
        "5abe4a365542993f32c2a0dc",
        "5ac0aab35542992a796ded5c",
        "5ac2070755429964131be2bd",
        "5adbf0a255429947ff17385a",
        "5adc3aff5542996e685252eb",
        "5ae04ea555429924de1b709e",
        "5ae0d4c9554299603e418468",
        "5ae5e8dc554299546bf82fbe",
        "5ae67def5542991bbc9760f3",
        "5ae731ae5542991bbc9761c1",
        "5ae76c235542991e8301cc97"
      ],
      "layer": 32
    }
  },
  "task2": {
    "2a_k_auroc": {
      "2": {
        "mean": 0.712,
        "std": 0.088,
        "ci_lo": 0.525,
        "ci_hi": 0.875
      },
      "3": {
        "mean": 0.813,
        "std": 0.069,
        "ci_lo": 0.676,
        "ci_hi": 0.939
      },
      "4": {
        "mean": 0.873,
        "std": 0.055,
        "ci_lo": 0.756,
        "ci_hi": 0.97
      },
      "5": {
        "mean": 0.909,
        "std": 0.045,
        "ci_lo": 0.821,
        "ci_hi": 0.978
      },
      "10": {
        "mean": 0.972,
        "std": 0.0,
        "ci_lo": 0.972,
        "ci_hi": 0.972
      }
    },
    "2b_pr_k3": {
      "auroc": 0.889,
      "precision_at_op": 0.81,
      "recall_at_op": 0.895,
      "threshold": 0.307,
      "precision_curve": [
        0.5,
        0.4865,
        0.5,
        0.5143,
        0.5294,
        0.5455,
        0.5625,
        0.5806,
        0.6,
        0.6207,
        0.6429,
        0.6296,
        0.6538,
        0.68,
        0.7083,
        0.7391,
        0.7727,
        0.8095,
        0.8,
        0.8421
      ],
      "recall_curve": [
        1.0,
        0.9474,
        0.9474,
        0.9474,
        0.9474,
        0.9474,
        0.9474,
        0.9474,
        0.9474,
        0.9474,
        0.9474,
        0.8947,
        0.8947,
        0.8947,
        0.8947,
        0.8947,
        0.8947,
        0.8947,
        0.8421,
        0.8421
      ]
    },
    "2c_early_exit": {
      "folds": [
        {
          "fold": 0,
          "threshold": 0.9743,
          "train_acc": 0.7534,