{
  "n_questions": 100,
  "control": {
    "cv_mean": 0.11165539569861233,
    "cv_sd": 0.13530167530311407,
    "acc_mean": 0.8357777777777778,
    "div_mean": 0.24988888888888894
  },
  "filler": {
    "cv_mean": 0.13194029198326954,
    "cv_sd": 0.1442705459358596,
    "acc_mean": 0.8146666666666667,
    "div_mean": 0.2946666666666667
  },
  "commitment": {
    "cv_mean": 0.09455970843660885,
    "cv_sd": 0.11563701085253286,
    "acc_mean": 0.8237777777777778,
    "div_mean": 0.2225555555555556
  },
  "filler_vs_commitment": {
    "cv_delta": 0.037380583546660684,
    "cv_pct_change": 28.331439156888226,
    "cohens_d": 0.32932326930212413,
    "p_ttest": 0.0013742448004600033,
    "p_wilcoxon": 0.00016619367351774808
  },
  "control_vs_filler": {
    "cv_delta": -0.02028489628465721,
    "cohens_d": -0.18227355834673659,
    "p_ttest": 0.0713617523794057
  },
  "control_vs_commitment": {
    "cv_delta": 0.017095687262003473,
    "cv_pct_reduction": 15.311116095230446,
    "cohens_d": 0.20416199109811084,
    "p_ttest": 0.043849309452750215
  }
}