{"s1_l0": {"r": NaN, "p": NaN, "n": 100}, "s1_l4": {"r": 0.0639, "p": 0.527601, "n": 100}, "s1_l8": {"r": 0.1056, "p": 0.295565, "n": 100}, "s1_l12": {"r": -0.1027, "p": 0.309247, "n": 100}, "s1_l16": {"r": 0.0413, "p": 0.683091, "n": 100}, "s1_l20": {"r": -0.0583, "p": 0.564624, "n": 100}, "s1_l24": {"r": 0.0549, "p": 0.587227, "n": 100}, "s1_l28": {"r": 0.0084, "p": 0.933546, "n": 100}, "s1_l32": {"r": -0.0944, "p": 0.350126, "n": 100}, "s1_l36": {"r": 0.0022, "p": 0.982436, "n": 100}, "s1_l40": {"r": 0.0267, "p": 0.791888, "n": 100}, "s2_l0": {"r": -0.1814, "p": 0.070881, "n": 100}, "s2_l4": {"r": -0.1635, "p": 0.104114, "n": 100}, "s2_l8": {"r": -0.1873, "p": 0.062, "n": 100}, "s2_l12": {"r": -0.1752, "p": 0.081329, "n": 100}, "s2_l16": {"r": -0.2088, "p": 0.037118, "n": 100}, "s2_l20": {"r": -0.1669, "p": 0.097024, "n": 100}, "s2_l24": {"r": -0.1159, "p": 0.250756, "n": 100}, "s2_l28": {"r": -0.1177, "p": 0.243401, "n": 100}, "s2_l32": {"r": -0.12, "p": 0.234428, "n": 100}, "s2_l36": {"r": -0.1239, "p": 0.219289, "n": 100}, "s2_l40": {"r": -0.0987, "p": 0.328611, "n": 100}, "s3_l0": {"r": -0.2062, "p": 0.039562, "n": 100}, "s3_l4": {"r": -0.2716, "p": 0.006266, "n": 100}, "s3_l8": {"r": -0.2524, "p": 0.011283, "n": 100}, "s3_l12": {"r": -0.2546, "p": 0.010579, "n": 100}, "s3_l16": {"r": -0.2711, "p": 0.006369, "n": 100}, "s3_l20": {"r": -0.1741, "p": 0.083214, "n": 100}, "s3_l24": {"r": -0.2279, "p": 0.022558, "n": 100}, "s3_l28": {"r": -0.2216, "p": 0.026709, "n": 100}, "s3_l32": {"r": -0.2304, "p": 0.021097, "n": 100}, "s3_l36": {"r": -0.2471, "p": 0.013192, "n": 100}, "s3_l40": {"r": -0.2003, "p": 0.045706, "n": 100}, "s4_l0": {"r": -0.0506, "p": 0.633648, "n": 91}, "s4_l4": {"r": -0.2881, "p": 0.005617, "n": 91}, "s4_l8": {"r": -0.2389, "p": 0.02257, "n": 91}, "s4_l12": {"r": -0.2573, "p": 0.013827, "n": 91}, "s4_l16": {"r": -0.358, "p": 0.000493, "n": 91}, "s4_l20": {"r": -0.3038, "p": 0.003414, "n": 91}, "s4_l24": {"r": -0.2406, "p": 0.021621, "n": 91}, "s4_l28": {"r": -0.2213, "p": 0.034981, "n": 91}, "s4_l32": {"r": -0.2176, "p": 0.038224, "n": 91}, "s4_l36": {"r": -0.2195, "p": 0.036543, "n": 91}, "s4_l40": {"r": -0.163, "p": 0.122686, "n": 91}, "s5_l0": {"r": -0.0124, "p": 0.908913, "n": 87}, "s5_l4": {"r": -0.5802, "p": 0.0, "n": 87}, "s5_l8": {"r": -0.5348, "p": 0.0, "n": 87}, "s5_l12": {"r": -0.555, "p": 0.0, "n": 87}, "s5_l16": {"r": -0.5758, "p": 0.0, "n": 87}, "s5_l20": {"r": -0.5762, "p": 0.0, "n": 87}, "s5_l24": {"r": -0.5505, "p": 0.0, "n": 87}, "s5_l28": {"r": -0.5637, "p": 0.0, "n": 87}, "s5_l32": {"r": -0.5666, "p": 0.0, "n": 87}, "s5_l36": {"r": -0.5679, "p": 0.0, "n": 87}, "s5_l40": {"r": -0.5398, "p": 0.0, "n": 87}, "s6_l0": {"r": -0.0634, "p": 0.734812, "n": 31}, "s6_l4": {"r": -0.226, "p": 0.221461, "n": 31}, "s6_l8": {"r": -0.0437, "p": 0.815549, "n": 31}, "s6_l12": {"r": -0.0581, "p": 0.756146, "n": 31}, "s6_l16": {"r": -0.1209, "p": 0.517109, "n": 31}, "s6_l20": {"r": -0.1132, "p": 0.544355, "n": 31}, "s6_l24": {"r": -0.0448, "p": 0.811016, "n": 31}, "s6_l28": {"r": -0.0635, "p": 0.734208, "n": 31}, "s6_l32": {"r": -0.0594, "p": 0.750953, "n": 31}, "s6_l36": {"r": -0.0607, "p": 0.745853, "n": 31}, "s6_l40": {"r": 0.0069, "p": 0.970772, "n": 31}, "s7_l0": {"r": 0.0226, "p": 0.90723, "n": 29}, "s7_l4": {"r": -0.3521, "p": 0.061016, "n": 29}, "s7_l8": {"r": -0.2352, "p": 0.21933, "n": 29}, "s7_l12": {"r": -0.2063, "p": 0.283043, "n": 29}, "s7_l16": {"r": -0.2793, "p": 0.142283, "n": 29}, "s7_l20": {"r": -0.077, "p": 0.691279, "n": 29}, "s7_l24": {"r": -0.0068, "p": 0.972235, "n": 29}, "s7_l28": {"r": 0.0356, "p": 0.854622, "n": 29}, "s7_l32": {"r": 0.0167, "p": 0.931603, "n": 29}, "s7_l36": {"r": 0.0087, "p": 0.964387, "n": 29}, "s7_l40": {"r": 0.0868, "p": 0.654172, "n": 29}, "s8_l0": {"r": 0.0588, "p": 0.795031, "n": 22}, "s8_l4": {"r": -0.3553, "p": 0.104621, "n": 22}, "s8_l8": {"r": -0.2617, "p": 0.239421, "n": 22}, "s8_l12": {"r": -0.3264, "p": 0.138143, "n": 22}, "s8_l16": {"r": -0.4148, "p": 0.054908, "n": 22}, "s8_l20": {"r": -0.3921, "p": 0.071115, "n": 22}, "s8_l24": {"r": -0.4802, "p": 0.023719, "n": 22}, "s8_l28": {"r": -0.4635, "p": 0.029791, "n": 22}, "s8_l32": {"r": -0.4493, "p": 0.035936, "n": 22}, "s8_l36": {"r": -0.4603, "p": 0.031127, "n": 22}, "s8_l40": {"r": -0.3846, "p": 0.07717, "n": 22}, "s9_l0": {"r": 0.1581, "p": 0.544483, "n": 17}, "s9_l4": {"r": -0.0691, "p": 0.792032, "n": 17}, "s9_l8": {"r": -0.0239, "p": 0.92739, "n": 17}, "s9_l12": {"r": -0.0583, "p": 0.824245, "n": 17}, "s9_l16": {"r": -0.2238, "p": 0.387835, "n": 17}, "s9_l20": {"r": -0.263, "p": 0.307813, "n": 17}, "s9_l24": {"r": -0.2711, "p": 0.292633, "n": 17}, "s9_l28": {"r": -0.2665, "p": 0.301221, "n": 17}, "s9_l32": {"r": -0.2323, "p": 0.369674, "n": 17}, "s9_l36": {"r": -0.2308, "p": 0.372827, "n": 17}, "s9_l40": {"r": -0.1763, "p": 0.49838, "n": 17}, "s10_l0": {"r": 0.1442, "p": 0.608156, "n": 15}, "s10_l4": {"r": -0.1748, "p": 0.533294, "n": 15}, "s10_l8": {"r": -0.3404, "p": 0.214468, "n": 15}, "s10_l12": {"r": -0.1765, "p": 0.529116, "n": 15}, "s10_l16": {"r": -0.2732, "p": 0.324596, "n": 15}, "s10_l20": {"r": -0.2464, "p": 0.375992, "n": 15}, "s10_l24": {"r": -0.3881, "p": 0.152928, "n": 15}, "s10_l28": {"r": -0.4266, "p": 0.11282, "n": 15}, "s10_l32": {"r": -0.4334, "p": 0.10656, "n": 15}, "s10_l36": {"r": -0.4651, "p": 0.080627, "n": 15}, "s10_l40": {"r": -0.3103, "p": 0.260409, "n": 15}}