{
  "model_vs_category": {
    "chi2": 27.631934731934734,
    "p": 4.338987493927982e-06,
    "dof": 3,
    "significant": "True"
  },
  "success_vs_category": {
    "chi2": 4.527527949687837,
    "p": 0.20984796097006764,
    "dof": 3,
    "significant": "False"
  },
  "find_predicts_success": {
    "odds_ratio": 1.8888888888888888,
    "p": 0.19157532773584826,
    "significant": "False"
  }
}