{
  "n_permutations": 10000,
  "seed": 42,
  "n_questions": 40,
  "cells": {
    "step1_layer0": {
      "step": 1,
      "layer": 0,
      "n": 40,
      "observed_r": 0.7102714004747019,
      "parametric_p": 2.842712746240262e-07,
      "permutation_p": 0.00039996000399960006,
      "significant_parametric": true,
      "significant_permutation": true
    },
    "step1_layer8": {
      "step": 1,
      "layer": 8,
      "n": 40,
      "observed_r": 0.1307421467657462,
      "parametric_p": 0.4213243682300072,
      "permutation_p": 0.42745725427457254,
      "significant_parametric": false,
      "significant_permutation": false
    },
    "step1_layer16": {
      "step": 1,
      "layer": 16,
      "n": 40,
      "observed_r": 0.13988237941182197,
      "parametric_p": 0.3893018654961087,
      "permutation_p": 0.38636136386361364,
      "significant_parametric": false,
      "significant_permutation": false
    },
    "step1_layer24": {
      "step": 1,
      "layer": 24,
      "n": 40,
      "observed_r": 0.05684748251320487,
      "parametric_p": 0.7275276688870673,
      "permutation_p": 0.7269273072692731,
      "significant_parametric": false,
      "significant_permutation": false
    },
    "step1_layer32": {
      "step": 1,
      "layer": 32,
      "n": 40,
      "observed_r": 0.009458993865483059,
      "parametric_p": 0.9538058657966921,
      "permutation_p": 0.9459054094590541,
      "significant_parametric": false,
      "significant_permutation": false
    },
    "step1_layer40": {
      "step": 1,
      "layer": 40,
      "n": 40,
      "observed_r": 0.19936094000873072,
      "parametric_p": 0.21745909357230347,
      "permutation_p": 0.2186781321867813,
      "significant_parametric": false,
      "significant_permutation": false
    },
    "step1_layer48": {
      "step": 1,
      "layer": 48,
      "n": 40,
      "observed_r": 0.15121640109946755,
      "parametric_p": 0.3516357765706334,
      "permutation_p": 0.3080691930806919,
      "significant_parametric": false,
      "significant_permutation": false
    },
    "step1_layer56": {
      "step": 1,
      "layer": 56,
      "n": 40,
      "observed_r": -0.016109562730415083,
      "parametric_p": 0.9214071810666136,
      "permutation_p": 0.9152084791520848,
      "significant_parametric": false,
      "significant_permutation": false
    },
    "step1_layer64": {
      "step": 1,
      "layer": 64,
      "n": 40,
      "observed_r": 0.14797462337690093,
      "parametric_p": 0.36217545901332404,
      "permutation_p": 0.33396660333966605,
      "significant_parametric": false,
      "significant_permutation": false
    },
    "step1_layer72": {
      "step": 1,
      "layer": 72,
      "n": 40,
      "observed_r": 0.07623831412960291,
      "parametric_p": 0.6400955319186561,
      "permutation_p": 0.6239376062393761,
      "significant_parametric": false,
      "significant_permutation": false
    },
    "step1_layer80": {
      "step": 1,
      "layer": 80,
      "n": 40,
      "observed_r": 0.002098604020806173,
      "parametric_p": 0.9897459834674633,
      "permutation_p": 0.9893010698930107,
      "significant_parametric": false,
      "significant_permutation": false
    },
    "step2_layer0": {
      "step": 2,
      "layer": 0,
      "n": 40,
      "observed_r": 0.7102714004747019,
      "parametric_p": 2.842712746240262e-07,
      "permutation_p": 0.000999900009999,
      "significant_parametric": true,
      "significant_permutation": true
    },
    "step2_layer8": {
      "step": 2,
      "layer": 8,
      "n": 40,
      "observed_r": 0.14077574463378,
      "parametric_p": 0.38625026451504874,
      "permutation_p": 0.261973802619738,
      "significant_parametric": false,
      "significant_permutation": false
    },
    "step2_layer16": {
      "step": 2,
      "layer": 16,
      "n": 40,
      "observed_r": 0.14093744124828078,
      "parametric_p": 0.3856994354621103,
      "permutation_p": 0.2742725727427257,
      "significant_parametric": false,
      "significant_permutation": false
    },
    "step2_layer24": {
      "step": 2,
      "layer": 24,
      "n": 40,
      "observed_r": 0.10853571451788169,
      "parametric_p": 0.5049977915311288,
      "permutation_p": 0.41855814418558146,
      "significant_parametric": false,
      "significant_permutation": false
    },
    "step2_layer32": {
      "step": 2,
      "layer": 32,
      "n": 40,
      "observed_r": 0.05505514464557362,
      "parametric_p": 0.7358048443407296,
      "permutation_p": 0.7083291670832916,
      "significant_parametric": false,
      "significant_permutation": false
    },
    "step2_layer40": {
      "step": 2,
      "layer": 40,
      "n": 40,
      "observed_r": 0.09178637898275908,
      "parametric_p": 0.5732364593865575,
      "permutation_p": 0.5352464753524647,
      "significant_parametric": false,
      "significant_permutation": false
    },
    "step2_layer48": {
      "step": 2,
      "layer": 48,
      "n": 40,
      "observed_r": 0.09665332293161905,
      "parametric_p": 0.5529823343389713,
      "permutation_p": 0.5153484651534846,
      "significant_parametric": false,
      "significant_permutation": false
    },
    "step2_layer56": {
      "step": 2,
      "layer": 56,
      "n": 40,
      "observed_r": 0.09503034650562422,
      "parametric_p": 0.5596988980479637,
      "permutation_p": 0.5183481651834817,
      "significant_parametric": false,
      "significant_permutation": false
    },
    "step2_layer64": {
      "step": 2,
      "layer": 64,
      "n": 40,
      "observed_r": 0.09566522492812612,
      "parametric_p": 0.5570669839726587,
      "permutation_p": 0.5149485051494851,
      "significant_parametric": false,
      "significant_permutation": false
    },
    "step2_layer72": {
      "step": 2,
      "layer": 72,
      "n": 40,
      "observed_r": 0.1013181883544482,
      "parametric_p": 0.5338912070225058,
      "permutation_p": 0.5008499150084992,
      "significant_parametric": false,
      "significant_permutation": false
    },
    "step2_layer80": {
      "step": 2,
      "layer": 80,
      "n": 40,
      "observed_r": 0.11950797233262116,
      "parametric_p": 0.46264050807664614,
      "permutation_p": 0.42415758424157585,
      "significant_parametric": false,
      "significant_permutation": false
    },
    "step3_layer0": {
      "step": 3,
      "layer": 0,
      "n": 40,
      "observed_r": 0.7102714004747019,
      "parametric_p": 2.842712746240262e-07,
      "permutation_p": 0.0007999200079992001,
      "significant_parametric": true,
      "significant_permutation": true
    },
    "step3_layer8": {
      "step": 3,
      "layer": 8,
      "n": 40,
      "observed_r": -0.32081649631575737,
      "parametric_p": 0.043551341856309676,
      "permutation_p": 0.050994900509949,
      "significant_parametric": true,
      "significant_permutation": false
    },
    "step3_layer16": {
      "step": 3,
      "layer": 16,
      "n": 40,
      "observed_r": -0.25739440835125643,
      "parametric_p": 0.10883925380769197,
      "permutation_p": 0.1055894410558944,
      "significant_parametric": false,
      "significant_permutation": false
    },
    "step3_layer24": {
      "step": 3,
      "layer": 24,
      "n": 40,
      "observed_r": -0.1381615636941426,
      "parametric_p": 0.3952194404836283,
      "permutation_p": 0.34796520347965204,
      "significant_parametric": false,
      "significant_permutation": false
    },
    "step3_layer32": {
      "step": 3,
      "layer": 32,
      "n": 40,
      "observed_r": -0.15955936739454019,
      "parametric_p": 0.32538028286334675,
      "permutation_p": 0.27287271272872715,
      "significant_parametric": false,
      "significant_permutation": false
    },
    "step3_layer40": {
      "step": 3,
      "layer": 40,
      "n": 40,
      "observed_r": -0.23676958008017363,
      "parametric_p": 0.14129492755461617,
      "permutation_p": 0.11888811118888111,