{
  "step1": {
    "step_num": 1,
    "step_label": "Pre-first-action",
    "n_questions": 20,
    "layer_correlations": [
      NaN,
      0.20388595504134582,
      -0.26208099997557927,
      0.2106984931177543,
      0.0318574471083874,
      0.2351265416270934,
      -0.27808452514234283,
      0.18861226002126863,
      0.054810656846849534,
      0.14206742545917087,
      -0.5079055121184701,
      -0.06912278010867709,
      -0.15979793006254506,
      -0.32817615640797143,
      0.01696119672442503,
      -0.04570222935641653,
      0.27719483825765673,
      0.2634052343044655,
      -0.19417214437728236,
      -0.2393073856680892,
      0.0693970100587147,
      -0.11337445354232226,
      0.19409332447807517,
      -0.020974460571516744,
      0.2442490971601196,
      -0.028094487341055296,
      -0.21958938200492686,
      -0.16836331578991998,
      -0.030641021471465343,
      0.06043633199467181,
      0.19255652151414343,
      0.1011606677970128,
      0.002110758175495289,
      -0.12953767310533193,
      0.14623326715049975,
      0.4605327347368207,
      0.20100964667810087,
      -0.26893212240864417,
      -0.24512623159441038,
      -0.40723622435492746,
      -0.026465494555498403,
      -0.060902262248999514,
      0.08535105010713667,
      -0.03280696641568015,
      -0.18922308601650717,
      -0.22737330164484038,
      -0.30212969610703144,
      -0.23351121810319386,
      0.3486434064185828,
      -0.03982243422739014,
      0.1587817718850144,
      0.06933266738589901,
      0.13195772897037955,
      0.44658659874044193,
      0.06542680137567619,
      -0.10174908418243299,
      0.07665944574394756,
      0.4050222653115992,
      -0.012582735037835385,
      0.030340689008845234,
      0.008575414771171463,
      -0.15770956696585497,
      -0.0652481564011446,
      0.07643384486396682,
      0.24553782204843788,
      -0.34744763035905707,
      0.14110100605057802,
      -0.05819420138025534,
      0.0812714003082477,
      0.017763864242336502,
      -0.12313356153804686,
      0.10270670690457881,
      -0.18886737625675576,
      -0.0060543658217799,
      0.07564106939350897,
      -0.026076061397180057,
      0.15037372677725117,
      -0.37495295504543835,
      -0.23093890679635654,
      0.04032582092145359,
      0.036487056000405874
    ],
    "layer_p_values": [
      NaN,
      0.38857506015699494,
      0.2643168331269768,
      0.37257006895466144,
      0.8939320800510684,
      0.3183312764795292,
      0.23516831729518098,
      0.42581470732991084,
      0.818472956024789,
      0.5501877378175744,
      0.02223660799529037,
      0.7721465598994224,
      0.5009676625897044,
      0.15776492689497618,
      0.9434189591466341,
      0.8482705638356209,
      0.23673176352326897,
      0.261822335092213,
      0.41204418611856886,
      0.30954943170501853,
      0.7712656001877743,
      0.6341325319325775,
      0.41223770010600913,
      0.9300594535712443,
      0.2993600870159224,
      0.9064044718523148,
      0.35225459484065613,
      0.477981805063722,
      0.8979614603835272,
      0.8001853126844244,
      0.4160205943955302,
      0.6712990952275115,
      0.9929533799047456,
      0.5862275449536595,
      0.5384308791314028,
      0.04101078230363182,
      0.39544550366119474,
      0.2515721587680041,
      0.29757314945837166,
      0.07472911171476081,
      0.9118105132466512,
      0.7986750360151638,
      0.7205095576258267,
      0.8907885531042493,
      0.4242899568975831,
      0.33500674450369017,
      0.1954330181487346,
      0.32176376734361506,
      0.13193379557103654,
      0.8676143231088452,
      0.5037296090259568,
      0.7714722759232611,
      0.5791893042528095,
      0.04838969600183257,
      0.7840456296715637,
      0.6694907346860342,
      0.7480362592779044,
      0.07647677418667187,
      0.9580106403053958,
      0.898956678343662,
      0.9713768443657991,
      0.5066518328034382,
      0.7846219641564891,
      0.7487548321800869,
      0.2967368892334384,
      0.13335472492364542,
      0.5529315740338725,
      0.8074624685095506,
      0.7333910831117993,
      0.9407457341595789,
      0.6050248975891183,
      0.6665514490573178,
      0.42517752842200784,
      0.9797896541096979,
      0.751281520151784,
      0.9131034633145853,
      0.5268611011135882,
      0.10332611631811955,
      0.3272751733877843,
      0.8659552515421256,
      0.8786202815459561
    ],
    "best_layer": 0,
    "best_correlation": NaN,
    "best_p_value": NaN,
    "significant_layers": [
      10,
      35,
      53
    ],
    "similarity_range": [
      0.9999998807907104,
      1.0000001192092896
    ],
    "similarity_std": 6.898464732785214e-08
  },
  "step3": {
    "step_num": 3,
    "step_label": "Post-divergence",
    "n_questions": 20,
    "layer_correlations": [
      NaN,
      -0.08201219862475409,
      0.04293259310254355,
      -0.01645248388279083,
      -0.045004048355962195,
      -0.07268535001444251,
      -0.1464114542154458,
      -0.1779779069766857,
      -0.14288025296565257,
      -0.1570711260158928,
      -0.21040797949256027,
      -0.15688781775697927,
      -0.1330889842573478,
      -0.07902553659482096,
      -0.12119394578833326,
      -0.13564430445011033,
      -0.1462722903163483,
      -0.015617208042229817,
      0.000950060318989282,
      -0.03379895149069493,
      -0.020165638456683926,
      -0.04087372011669424,
      -0.1861627241038612,
      -0.23386934280522478,
      -0.3217986407363156,
      -0.35584121531893964,
      -0.35407998990805556,
      -0.4090755033823964,
      -0.4413061456338938,
      -0.4842649763680822,
      -0.5115022960053011,
      -0.5246291118730478,
      -0.5805399882892133,
      -0.5795715860055074,
      -0.5695268079504703,
      -0.5693953606146694,
      -0.5448230210128612,
      -0.5413062912230815,
      -0.5378885927380271,
      -0.5171700754491673,
      -0.5025238349714835,
      -0.48386526502531224,
      -0.4696039718675944,
      -0.45848644883681827,
      -0.45065088230312794,
      -0.4428300978029178,
      -0.4486966083354232,
      -0.4396017342174258,
      -0.4394736320231418,
      -0.43204119416322506,
      -0.42941348958157033,
      -0.4260882537699807,
      -0.4231697082657907,
      -0.4117267440008846,
      -0.40608247400803,
      -0.4002114042397812,
      -0.39581729070854343,
      -0.39576446448684016,
      -0.38549791682957313,
      -0.3816230971611936,
      -0.3757055196789681,
      -0.37230022813689223,
      -0.369197169704955,
      -0.3672180417012666,
      -0.3640230178046069,
      -0.35958219501406885,
      -0.35596417606852315,
      -0.3582032411008647,
      -0.35664062222612897,
      -0.3574134906575714,
      -0.34909618580557383,
      -0.34775118286370066,
      -0.346899519429101,
      -0.3438150203707747,
      -0.3419603684950546,
      -0.3369284822672456,
      -0.3592169645691896,
      -0.3576195445714476,
      -0.34907640235896714,
      -0.34769141043924195,
      -0.35373621250897913
    ],