{
  "step": 4,
  "layer": 40,
  "n": 94,
  "agreement_stats": {
    "min": 0.1,
    "max": 1.0,
    "mean": 0.6009540695710909,
    "std": 0.27960201705546245
  },
  "sim_vs_agreement": {
    "r": -0.1270994226031108,
    "p": 0.22218272149978116
  },
  "agreement_vs_cv": {
    "r": -0.23779471631527335,
    "p": 0.02100648545819429
  }
}