{
  "question_ids": [
    "5a8e3ea95542995a26add48d",
    "5ac2070755429964131be2bd",
    "5adbf0a255429947ff17385a",
    "5a874f20554299211dda2bd6",
    "5a8133725542995ce29dcbdb",
    "5ab56b9b5542997d4ad1f113",
    "5ab91b6c55429934fafe6e5f",
    "5a734e6d5542994cef4bc528",
    "5a8db19d5542994ba4e3dd00",
    "5a87ee7b55429938390d3eb6",
    "5ab295eb554299194fa93412",
    "5adea0c5554299728e26c776",
    "5adbf84555429947ff17387c",
    "5a87bd4e5542994846c1cde0",
    "5a85ebe75542996432c5712a",
    "5adde3a45542997545bbbdc2",
    "5ade15a45542997545bbbe46",
    "5ab934465542996be202043e",
    "5ab7b3cc55429928e1fe3893",
    "5adfa92d55429942ec259ae0"
  ],
  "llama": {
    "model": "Llama 3.1 70B",
    "n_questions": 20,
    "mean_accuracy": 0.7,
    "mean_cv": 0.13995286514753208,
    "step4_correlations": {
      "0": {
        "r": 0.4006682449458784,
        "p": 0.08000228825172015,
        "n": 20
      },
      "8": {
        "r": -0.25938986391518926,
        "p": 0.2694321676649259,
        "n": 20
      },
      "16": {
        "r": -0.36958070937449494,
        "p": 0.10876393461606791,
        "n": 20
      },
      "24": {
        "r": -0.3997018299731293,
        "p": 0.08080089604807422,
        "n": 20
      },
      "32": {
        "r": -0.43682096080368626,
        "p": 0.05413424647212357,
        "n": 20
      },
      "40": {
        "r": -0.5411062390957164,
        "p": 0.013749041885838247,
        "n": 20
      },
      "48": {
        "r": -0.5570997585150226,
        "p": 0.010720126892707026,
        "n": 20
      },
      "56": {
        "r": -0.5840996223232244,
        "p": 0.0068463885246079605,
        "n": 20
      },
      "64": {
        "r": -0.5863393224674763,
        "p": 0.006585164341952967,
        "n": 20
      },
      "72": {
        "r": -0.5865462546231582,
        "p": 0.006561447560876978,
        "n": 20
      },
      "80": {
        "r": -0.567554672731638,
        "p": 0.009050983650182393,
        "n": 20
      }
    }
  },
  "qwen": {
    "model": "Qwen 2.5 72B",
    "n_questions": 20,
    "mean_accuracy": 0.825,
    "mean_cv": 0.07856875000593648,
    "step4_correlations": {
      "0": {
        "r": 0.6313356568823063,
        "p": 0.0028321605072515093,
        "n": 20
      },
      "8": {
        "r": -0.46439622977885275,
        "p": 0.03912937301907776,
        "n": 20
      },
      "16": {
        "r": -0.5902585515842917,
        "p": 0.00614773727668714,
        "n": 20
      },
      "24": {
        "r": -0.6549238261597495,
        "p": 0.001725201803788628,
        "n": 20
      },
      "32": {
        "r": -0.7372646992447589,
        "p": 0.00020813524898463914,
        "n": 20
      },
      "40": {
        "r": -0.6840988726710298,
        "p": 0.0008796539658738529,
        "n": 20
      },
      "48": {
        "r": -0.7296419755981489,
        "p": 0.00026106474273276893,
        "n": 20
      },
      "56": {
        "r": -0.6116670107131494,
        "p": 0.004158328688191784,
        "n": 20
      },
      "64": {
        "r": -0.6603157326603609,
        "p": 0.0015313892243776078,
        "n": 20
      },
      "72": {
        "r": -0.6155488516684922,
        "p": 0.0038623590098717173,
        "n": 20
      },
      "80": {
        "r": -0.42798956471980254,
        "p": 0.05976378357890385,
        "n": 20
      }
    }
  }
}