{
  "step": 4,
  "hard": {
    "0": {
      "r": 0.3420055384352615,
      "p": 0.023068316911244398,
      "n": 44
    },
    "8": {
      "r": -0.15798045704234498,
      "p": 0.30573828443158607,
      "n": 44
    },
    "16": {
      "r": -0.1268422829514864,
      "p": 0.41194462469241305,
      "n": 44
    },
    "24": {
      "r": -0.03360017611413982,
      "p": 0.82858002064151,
      "n": 44
    },
    "32": {
      "r": -0.006065173627750067,
      "p": 0.9688314495978801,
      "n": 44
    },
    "40": {
      "r": -0.023601126757849117,
      "p": 0.8791345957335882,
      "n": 44
    },
    "48": {
      "r": -0.015527209443628176,
      "p": 0.9203151728962884,
      "n": 44
    },
    "56": {
      "r": -0.029185920673573687,
      "p": 0.8508264014794134,
      "n": 44
    },
    "64": {
      "r": -0.026492244005567128,
      "p": 0.8644592286054,
      "n": 44
    },
    "72": {
      "r": -0.0372075285177222,
      "p": 0.810497230309145,
      "n": 44
    },
    "80": {
      "r": -0.0557698644778232,
      "p": 0.7191719703415588,
      "n": 44
    }
  },
  "easy": {
    "0": {
      "r": 0.7416367688913836,
      "p": 7.22001481842345e-10,
      "n": 50
    },
    "8": {
      "r": -0.5698332906791049,
      "p": 1.5650772504953243e-05,
      "n": 50
    },
    "16": {
      "r": -0.5657165250647509,
      "p": 1.858926522195946e-05,
      "n": 50
    },
    "24": {
      "r": -0.5287137921616202,
      "p": 7.913581630698477e-05,
      "n": 50
    },
    "32": {
      "r": -0.5656775923532604,
      "p": 1.861933465411393e-05,
      "n": 50
    },
    "40": {
      "r": -0.5685357799984804,
      "p": 1.652707381190283e-05,
      "n": 50
    },
    "48": {
      "r": -0.5405409190132755,
      "p": 5.0732581432047326e-05,
      "n": 50
    },
    "56": {
      "r": -0.5178786777529709,
      "p": 0.0001172411120327179,
      "n": 50
    },
    "64": {
      "r": -0.5088338337257331,
      "p": 0.00016115130457541134,
      "n": 50
    },
    "72": {
      "r": -0.506060272172787,
      "p": 0.00017734867113202988,
      "n": 50
    },
    "80": {
      "r": -0.489523287843316,
      "p": 0.0003087310539506752,
      "n": 50
    }
  }
}