{
  "step": 4,
  "n_by_category": {
    "consistent-correct": 64,
    "consistent-wrong": 23,
    "inconsistent": 12
  },
  "layer_stats": {
    "32": {
      "consistent_correct": {
        "mean": 0.8509394526481628,
        "std": 0.1090012714266777,
        "n": 62
      },
      "consistent_wrong": {
        "mean": 0.90607750415802,
        "std": 0.10674888640642166,
        "n": 21
      },
      "inconsistent": {
        "mean": 0.8824758529663086,
        "std": 0.10261200368404388,
        "n": 11
      },
      "tests": {
        "cc_vs_cw": {
          "U": 517.0,
          "p": 0.1619974672794342
        },
        "cc_vs_inc": {
          "U": 305.0,
          "p": 0.5840986371040344
        },
        "cw_vs_inc": {
          "U": 150.0,
          "p": 0.17734234035015106
        }
      }
    },
    "40": {
      "consistent_correct": {
        "mean": 0.9027416110038757,
        "std": 0.07120276242494583,
        "n": 62
      },
      "consistent_wrong": {
        "mean": 0.9322038292884827,
        "std": 0.0725279375910759,
        "n": 21
      },
      "inconsistent": {
        "mean": 0.9164133071899414,
        "std": 0.06463899463415146,
        "n": 11
      },
      "tests": {
        "cc_vs_cw": {
          "U": 547.0,
          "p": 0.27830222249031067
        },
        "cc_vs_inc": {
          "U": 327.0,
          "p": 0.8350968956947327
        },
        "cw_vs_inc": {
          "U": 145.0,
          "p": 0.24989542365074158
        }
      }
    },
    "48": {
      "consistent_correct": {
        "mean": 0.9122670292854309,
        "std": 0.0643947497010231,
        "n": 62
      },
      "consistent_wrong": {
        "mean": 0.9363781213760376,
        "std": 0.06641187518835068,
        "n": 21
      },
      "inconsistent": {
        "mean": 0.9246145486831665,
        "std": 0.05636731907725334,
        "n": 11
      },
      "tests": {
        "cc_vs_cw": {
          "U": 556.0,
          "p": 0.32223862409591675
        },
        "cc_vs_inc": {
          "U": 323.0,
          "p": 0.7872765064239502
        },
        "cw_vs_inc": {
          "U": 142.0,
          "p": 0.3022710382938385
        }
      }
    },
    "56": {
      "consistent_correct": {
        "mean": 0.9233968257904053,
        "std": 0.05719203129410744,
        "n": 62
      },
      "consistent_wrong": {
        "mean": 0.9414789080619812,
        "std": 0.058529969304800034,
        "n": 21
      },
      "inconsistent": {
        "mean": 0.9315852522850037,
        "std": 0.04810347035527229,
        "n": 11
      },
      "tests": {
        "cc_vs_cw": {
          "U": 556.0,
          "p": 0.32223862409591675
        },
        "cc_vs_inc": {
          "U": 332.0,
          "p": 0.895720362663269
        },
        "cw_vs_inc": {
          "U": 142.0,
          "p": 0.3022710382938385
        }
      }
    },
    "64": {
      "consistent_correct": {
        "mean": 0.9364153742790222,
        "std": 0.047755274921655655,
        "n": 62
      },
      "consistent_wrong": {
        "mean": 0.9501842260360718,
        "std": 0.04991672933101654,
        "n": 21
      },
      "inconsistent": {
        "mean": 0.9431392550468445,
        "std": 0.03908035159111023,
        "n": 11
      },
      "tests": {
        "cc_vs_cw": {
          "U": 559.0,
          "p": 0.3378390967845917
        },
        "cc_vs_inc": {
          "U": 330.0,
          "p": 0.8713772296905518
        },
        "cw_vs_inc": {
          "U": 140.0,
          "p": 0.34098362922668457
        }
      }
    },
    "72": {
      "consistent_correct": {
        "mean": 0.9449176788330078,
        "std": 0.041522953659296036,
        "n": 62
      },
      "consistent_wrong": {
        "mean": 0.9559237360954285,
        "std": 0.04322914406657219,
        "n": 21
      },
      "inconsistent": {
        "mean": 0.949942409992218,
        "std": 0.03320649266242981,
        "n": 11
      },
      "tests": {
        "cc_vs_cw": {
          "U": 565.0,
          "p": 0.3704691529273987
        },
        "cc_vs_inc": {
          "U": 336.0,
          "p": 0.9446794390678406
        },
        "cw_vs_inc": {
          "U": 141.0,
          "p": 0.32124656438827515
        }
      }
    },
    "80": {
      "consistent_correct": {
        "mean": 0.9641432166099548,
        "std": 0.027499832212924957,
        "n": 62
      },
      "consistent_wrong": {
        "mean": 0.9691497087478638,
        "std": 0.029164712876081467,
        "n": 21
      },
      "inconsistent": {
        "mean": 0.9666450619697571,
        "std": 0.020073696970939636,
        "n": 11
      },
      "tests": {
        "cc_vs_cw": {
          "U": 572.0,
          "p": 0.41092246770858765
        },
        "cc_vs_inc": {
          "U": 341.0,
          "p": 1.0
        },
        "cw_vs_inc": {
          "U": 137.0,
          "p": 0.40473443269729614
        }
      }
    }
  },
  "inconsistent_details": [
    {
      "qid": "5a7bbb64554299042af8f7cc",
      "difficulty": "hard",
      "correct_rate": 0.7,
      "cv": 0.182422628934048,
      "sim_step4_layer40": 0.9530794620513916,
      "mean_steps": 10.7
    },
    {
      "qid": "5a8133725542995ce29dcbdb",
      "difficulty": "hard",
      "correct_rate": 0.3,
      "cv": 0.18314668062962977,
      "sim_step4_layer40": 0.952421247959137,
      "mean_steps": 23.3
    },
    {
      "qid": "5ab29c24554299449642c932",
      "difficulty": "hard",
      "correct_rate": 0.7,
      "cv": 0.16210441107424933,
      "sim_step4_layer40": 0.9655203223228455,
      "mean_steps": 15.8
    },
    {
      "qid": "5ab3e45655429976abd1bcd4",
      "difficulty": "hard",
      "correct_rate": 0.5,
      "cv": 0.3766663656611885,
      "sim_step4_layer40": 0.9829419255256653,
      "mean_steps": 17.5
    },
    {
      "qid": "5ab56e32554299637185c594",
      "difficulty": "hard",
      "correct_rate": 0.4,
      "cv": 0.3515069474072188,
      "sim_step4_layer40": 0.9285070896148682,
      "mean_steps": 12.1
    },
    {
      "qid": "5ab6d09255429954757d337d",
      "difficulty": "hard",
      "correct_rate": 0.6,
      "cv": 0.1479644927820873,
      "sim_step4_layer40": 0.9755420088768005,
      "mean_steps": 26.0
    },
    {
      "qid": "5abd94525542992ac4f382d2",
      "difficulty": "hard",
      "correct_rate": 0.3,
      "cv": 0.19509210340750976,
      "sim_step4_layer40": 0.9771039485931396,
      "mean_steps": 22.6
    },
    {
      "qid": "5adc65e85542996e68525350",
      "difficulty": "easy",
      "correct_rate": 0.7,
      "cv": 0.5294117647058825,
      "sim_step4_layer40": 0.8065283894538879,
      "mean_steps": 3.4
    },
    {
      "qid": "5a895f6155429946c8d6e914",
      "difficulty": "hard",
      "correct_rate": 0.5,
      "cv": 0.6870225614927067,
      "sim_step4_layer40": 0.8570200800895691,
      "mean_steps": 5.0
    },
    {
      "qid": "5ab91b6c55429934fafe6e5f",
      "difficulty": "hard",
      "correct_rate": 0.7,
      "cv": 0.18425693279752223,
      "sim_step4_layer40": 0.8738152384757996,
      "mean_steps": 3.6
    },
    {
      "qid": "5abba8545542993f40c73b72",
      "difficulty": "hard",
      "correct_rate": 0.4,
      "cv": 0.0,
      "sim_step4_layer40": null,
      "mean_steps": 3.0
    },
    {
      "qid": "5ae04ea555429924de1b709e",
      "difficulty": "hard",
      "correct_rate": 0.7,
      "cv": 0.20829889522526546,
      "sim_step4_layer40": 0.8080666661262512,
      "mean_steps": 4.4
    }
  ],
  "cv_by_category": {
    "consistent-correct": {
      "mean": 0.11184294108759026,
      "std": 0.10214549209080452,
      "n": 64
    },
    "consistent-wrong": {
      "mean": 0.23516778619249032,
      "std": 0.25606448483149286,
      "n": 23
    },
    "inconsistent": {
      "mean": 0.2673244820097757,
      "std": 0.18040578953160039,
      "n": 12
    }
  }
}