{
  "step": 4,
  "layer": 40,
  "n_calibration_runs": 3,
  "n_questions": 85,
  "n_test_runs": 586,
  "threshold_median_distance": 0.019721150398254395,
  "answer_inconsistency_detection": {
    "flagged_total": 293,
    "flagged_inconsistent": 136,
    "total_inconsistent": 305,
    "precision": 0.4641638225255973,
    "recall": 0.4459016393442623,
    "f1": 0.4548494983277592
  },
  "incorrectness_detection": {
    "flagged_total": 293,
    "flagged_incorrect": 57,
    "total_incorrect": 150,
    "precision": 0.1945392491467577,
    "recall": 0.38,
    "f1": 0.25733634311512416
  },
  "per_question_correlation": {
    "r": -0.14063341797913106,
    "p": 0.19922273993427725
  }
}