{
  "layer": 40,
  "steps": {
    "1": {
      "r": 0.1990325590991844,
      "p": 0.04826755649027171,
      "n": 99
    },
    "2": {
      "r": -0.019972190584536587,
      "p": 0.8444406780393584,
      "n": 99
    },
    "3": {
      "r": -0.15931553404724907,
      "p": 0.11522974472818459,
      "n": 99
    },
    "4": {
      "r": -0.3474505582835341,
      "p": 0.0006010541869785292,
      "n": 94
    },
    "5": {
      "r": -0.17572468328381138,
      "p": 0.16146230809882187,
      "n": 65
    }
  }
}